LULC_name,lucode,C_above,C_below,C_soil,C_dead
urban,1,0,0,0,0
cropland,2,15.33333333,4.666666667,22,7.333333333
grassland,3,100,20,115,50
forest,4,153.6666667,96.33333333,108.5333333,46.73333333
othernat,5,25.66666667,6.777777778,33.44444444,12.11111111
water,6,0,0,0,0
other,7,0,0,0,0